<?xml version="1.0" encoding="UTF-8"?>
<!DOCTYPE mapper PUBLIC "-//mybatis.org//DTD Mapper 3.0//EN" "http://mybatis.org/dtd/mybatis-3-mapper.dtd">
<mapper namespace="com.datangedu.cn.dao.mapper.MonitorUserMapper">
  <resultMap id="BaseResultMap" type="com.datangedu.cn.model.sysUser.MonitorUser">
    <id column="id" jdbcType="VARCHAR" property="id" />
    <result column="user_name" jdbcType="VARCHAR" property="userName" />
    <result column="password" jdbcType="VARCHAR" property="password" />
    <result column="born" jdbcType="TIMESTAMP" property="born" />
    <result column="cellphone" jdbcType="VARCHAR" property="cellphone" />
    <result column="status" jdbcType="INTEGER" property="status" />
    <result column="register_time" jdbcType="TIMESTAMP" property="registerTime" />
    <result column="gender" jdbcType="INTEGER" property="gender" />
    <result column="region_id" jdbcType="VARCHAR" property="regionId" />
  </resultMap>
  <resultMap extends="BaseResultMap" id="ResultMapWithBLOBs" type="com.datangedu.cn.model.sysUser.MonitorUser">
    <result column="head_img" jdbcType="LONGVARBINARY" property="headImg" />
  </resultMap>
  <sql id="Example_Where_Clause">
    <where>
      <foreach collection="oredCriteria" item="criteria" separator="or">
        <if test="criteria.valid">
          <trim prefix="(" prefixOverrides="and" suffix=")">
            <foreach collection="criteria.criteria" item="criterion">
              <choose>
                <when test="criterion.noValue">
                  and ${criterion.condition}
                </when>
                <when test="criterion.singleValue">
                  and ${criterion.condition} #{criterion.value}
                </when>
                <when test="criterion.betweenValue">
                  and ${criterion.condition} #{criterion.value} and #{criterion.secondValue}
                </when>
                <when test="criterion.listValue">
                  and ${criterion.condition}
                  <foreach close=")" collection="criterion.value" item="listItem" open="(" separator=",">
                    #{listItem}
                  </foreach>
                </when>
              </choose>
            </foreach>
          </trim>
        </if>
      </foreach>
    </where>
  </sql>
  <sql id="Update_By_Example_Where_Clause">
    <where>
      <foreach collection="example.oredCriteria" item="criteria" separator="or">
        <if test="criteria.valid">
          <trim prefix="(" prefixOverrides="and" suffix=")">
            <foreach collection="criteria.criteria" item="criterion">
              <choose>
                <when test="criterion.noValue">
                  and ${criterion.condition}
                </when>
                <when test="criterion.singleValue">
                  and ${criterion.condition} #{criterion.value}
                </when>
                <when test="criterion.betweenValue">
                  and ${criterion.condition} #{criterion.value} and #{criterion.secondValue}
                </when>
                <when test="criterion.listValue">
                  and ${criterion.condition}
                  <foreach close=")" collection="criterion.value" item="listItem" open="(" separator=",">
                    #{listItem}
                  </foreach>
                </when>
              </choose>
            </foreach>
          </trim>
        </if>
      </foreach>
    </where>
  </sql>
  <sql id="Base_Column_List">
    id, user_name, password, born, cellphone, status, register_time, gender, region_id
  </sql>
  <sql id="Blob_Column_List">
    head_img
  </sql>
  <select id="selectByExampleWithBLOBs" parameterType="com.datangedu.cn.model.sysUser.MonitorUserExample" resultMap="ResultMapWithBLOBs">
    select
    <if test="distinct">
      distinct
    </if>
    <include refid="Base_Column_List" />
    ,
    <include refid="Blob_Column_List" />
    from monitor_user
    <if test="_parameter != null">
      <include refid="Example_Where_Clause" />
    </if>
    <if test="orderByClause != null">
      order by ${orderByClause}
    </if>
  </select>
  <select id="selectByExample" parameterType="com.datangedu.cn.model.sysUser.MonitorUserExample" resultMap="BaseResultMap">
    select
    <if test="distinct">
      distinct
    </if>
    <include refid="Base_Column_List" />
    from monitor_user
    <if test="_parameter != null">
      <include refid="Example_Where_Clause" />
    </if>
    <if test="orderByClause != null">
      order by ${orderByClause}
    </if>
  </select>
  <select id="selectByPrimaryKey" parameterType="java.lang.String" resultMap="ResultMapWithBLOBs">
    select 
    <include refid="Base_Column_List" />
    ,
    <include refid="Blob_Column_List" />
    from monitor_user
    where id = #{id,jdbcType=VARCHAR}
  </select>
  <delete id="deleteByPrimaryKey" parameterType="java.lang.String">
    delete from monitor_user
    where id = #{id,jdbcType=VARCHAR}
  </delete>
  <delete id="deleteByExample" parameterType="com.datangedu.cn.model.sysUser.MonitorUserExample">
    delete from monitor_user
    <if test="_parameter != null">
      <include refid="Example_Where_Clause" />
    </if>
  </delete>
  <insert id="insert" parameterType="com.datangedu.cn.model.sysUser.MonitorUser">
    insert into monitor_user (id, user_name, password, 
      born, cellphone, status, 
      register_time, gender, region_id, 
      head_img)
    values (#{id,jdbcType=VARCHAR}, #{userName,jdbcType=VARCHAR}, #{password,jdbcType=VARCHAR}, 
      #{born,jdbcType=TIMESTAMP}, #{cellphone,jdbcType=VARCHAR}, #{status,jdbcType=INTEGER}, 
      #{registerTime,jdbcType=TIMESTAMP}, #{gender,jdbcType=INTEGER}, #{regionId,jdbcType=VARCHAR}, 
      #{headImg,jdbcType=LONGVARBINARY})
  </insert>
  <insert id="insertSelective" parameterType="com.datangedu.cn.model.sysUser.MonitorUser">
    insert into monitor_user
    <trim prefix="(" suffix=")" suffixOverrides=",">
      <if test="id != null">
        id,
      </if>
      <if test="userName != null">
        user_name,
      </if>
      <if test="password != null">
        password,
      </if>
      <if test="born != null">
        born,
      </if>
      <if test="cellphone != null">
        cellphone,
      </if>
      <if test="status != null">
        status,
      </if>
      <if test="registerTime != null">
        register_time,
      </if>
      <if test="gender != null">
        gender,
      </if>
      <if test="regionId != null">
        region_id,
      </if>
      <if test="headImg != null">
        head_img,
      </if>
    </trim>
    <trim prefix="values (" suffix=")" suffixOverrides=",">
      <if test="id != null">
        #{id,jdbcType=VARCHAR},
      </if>
      <if test="userName != null">
        #{userName,jdbcType=VARCHAR},
      </if>
      <if test="password != null">
        #{password,jdbcType=VARCHAR},
      </if>
      <if test="born != null">
        #{born,jdbcType=TIMESTAMP},
      </if>
      <if test="cellphone != null">
        #{cellphone,jdbcType=VARCHAR},
      </if>
      <if test="status != null">
        #{status,jdbcType=INTEGER},
      </if>
      <if test="registerTime != null">
        #{registerTime,jdbcType=TIMESTAMP},
      </if>
      <if test="gender != null">
        #{gender,jdbcType=INTEGER},
      </if>
      <if test="regionId != null">
        #{regionId,jdbcType=VARCHAR},
      </if>
      <if test="headImg != null">
        #{headImg,jdbcType=LONGVARBINARY},
      </if>
    </trim>
  </insert>
  <select id="countByExample" parameterType="com.datangedu.cn.model.sysUser.MonitorUserExample" resultType="java.lang.Long">
    select count(*) from monitor_user
    <if test="_parameter != null">
      <include refid="Example_Where_Clause" />
    </if>
  </select>
  <update id="updateByExampleSelective" parameterType="map">
    update monitor_user
    <set>
      <if test="record.id != null">
        id = #{record.id,jdbcType=VARCHAR},
      </if>
      <if test="record.userName != null">
        user_name = #{record.userName,jdbcType=VARCHAR},
      </if>
      <if test="record.password != null">
        password = #{record.password,jdbcType=VARCHAR},
      </if>
      <if test="record.born != null">
        born = #{record.born,jdbcType=TIMESTAMP},
      </if>
      <if test="record.cellphone != null">
        cellphone = #{record.cellphone,jdbcType=VARCHAR},
      </if>
      <if test="record.status != null">
        status = #{record.status,jdbcType=INTEGER},
      </if>
      <if test="record.registerTime != null">
        register_time = #{record.registerTime,jdbcType=TIMESTAMP},
      </if>
      <if test="record.gender != null">
        gender = #{record.gender,jdbcType=INTEGER},
      </if>
      <if test="record.regionId != null">
        region_id = #{record.regionId,jdbcType=VARCHAR},
      </if>
      <if test="record.headImg != null">
        head_img = #{record.headImg,jdbcType=LONGVARBINARY},
      </if>
    </set>
    <if test="_parameter != null">
      <include refid="Update_By_Example_Where_Clause" />
    </if>
  </update>
  <update id="updateByExampleWithBLOBs" parameterType="map">
    update monitor_user
    set id = #{record.id,jdbcType=VARCHAR},
      user_name = #{record.userName,jdbcType=VARCHAR},
      password = #{record.password,jdbcType=VARCHAR},
      born = #{record.born,jdbcType=TIMESTAMP},
      cellphone = #{record.cellphone,jdbcType=VARCHAR},
      status = #{record.status,jdbcType=INTEGER},
      register_time = #{record.registerTime,jdbcType=TIMESTAMP},
      gender = #{record.gender,jdbcType=INTEGER},
      region_id = #{record.regionId,jdbcType=VARCHAR},
      head_img = #{record.headImg,jdbcType=LONGVARBINARY}
    <if test="_parameter != null">
      <include refid="Update_By_Example_Where_Clause" />
    </if>
  </update>
  <update id="updateByExample" parameterType="map">
    update monitor_user
    set id = #{record.id,jdbcType=VARCHAR},
      user_name = #{record.userName,jdbcType=VARCHAR},
      password = #{record.password,jdbcType=VARCHAR},
      born = #{record.born,jdbcType=TIMESTAMP},
      cellphone = #{record.cellphone,jdbcType=VARCHAR},
      status = #{record.status,jdbcType=INTEGER},
      register_time = #{record.registerTime,jdbcType=TIMESTAMP},
      gender = #{record.gender,jdbcType=INTEGER},
      region_id = #{record.regionId,jdbcType=VARCHAR}
    <if test="_parameter != null">
      <include refid="Update_By_Example_Where_Clause" />
    </if>
  </update>
  <update id="updateByPrimaryKeySelective" parameterType="com.datangedu.cn.model.sysUser.MonitorUser">
    update monitor_user
    <set>
      <if test="userName != null">
        user_name = #{userName,jdbcType=VARCHAR},
      </if>
      <if test="password != null">
        password = #{password,jdbcType=VARCHAR},
      </if>
      <if test="born != null">
        born = #{born,jdbcType=TIMESTAMP},
      </if>
      <if test="cellphone != null">
        cellphone = #{cellphone,jdbcType=VARCHAR},
      </if>
      <if test="status != null">
        status = #{status,jdbcType=INTEGER},
      </if>
      <if test="registerTime != null">
        register_time = #{registerTime,jdbcType=TIMESTAMP},
      </if>
      <if test="gender != null">
        gender = #{gender,jdbcType=INTEGER},
      </if>
      <if test="regionId != null">
        region_id = #{regionId,jdbcType=VARCHAR},
      </if>
      <if test="headImg != null">
        head_img = #{headImg,jdbcType=LONGVARBINARY},
      </if>
    </set>
    where id = #{id,jdbcType=VARCHAR}
  </update>
  <update id="updateByPrimaryKeyWithBLOBs" parameterType="com.datangedu.cn.model.sysUser.MonitorUser">
    update monitor_user
    set user_name = #{userName,jdbcType=VARCHAR},
      password = #{password,jdbcType=VARCHAR},
      born = #{born,jdbcType=TIMESTAMP},
      cellphone = #{cellphone,jdbcType=VARCHAR},
      status = #{status,jdbcType=INTEGER},
      register_time = #{registerTime,jdbcType=TIMESTAMP},
      gender = #{gender,jdbcType=INTEGER},
      region_id = #{regionId,jdbcType=VARCHAR},
      head_img = #{headImg,jdbcType=LONGVARBINARY}
    where id = #{id,jdbcType=VARCHAR}
  </update>
  <update id="updateByPrimaryKey" parameterType="com.datangedu.cn.model.sysUser.MonitorUser">
    update monitor_user
    set user_name = #{userName,jdbcType=VARCHAR},
      password = #{password,jdbcType=VARCHAR},
      born = #{born,jdbcType=TIMESTAMP},
      cellphone = #{cellphone,jdbcType=VARCHAR},
      status = #{status,jdbcType=INTEGER},
      register_time = #{registerTime,jdbcType=TIMESTAMP},
      gender = #{gender,jdbcType=INTEGER},
      region_id = #{regionId,jdbcType=VARCHAR}
    where id = #{id,jdbcType=VARCHAR}
  </update>
</mapper>